Title,First Name,Last Name,Email,Phone,Start Date
Mrs.,Ann,Schmidt,ann.schmidt@picotech.com,738-242-1341,2020-08-09
Mrs.,Avery,Campbell,avery.campbell@picotech.com,367-731-3268,2020-11-23
Mrs.,Natalie,Steeves,natalie.steeves @microtech.com,825-829-9367,2019-01-07
Mr.,Vernon,Mitchelle,vernon.mitchelle@nanotech.com,723-488-7420,2019-12-08
Mrs.,Dora,Stone,dora.stone@microtech.com,960-903-3327,2016-10-22
Mr.,Corey,Roberts,corey.roberts@picotech.com,524-778-4491,2018-02-07
Mrs.,Evelyn,Rogers,evelyn.rogers@picotech.com,979-893-2866,2019-01-10
Mr.,Albert,Burns,albert.burns@nanotech.com,652-417-3802,2016-03-28
Mr.,Edgar,Perkins,edgar.perkins@nanotech.com,972-503-5681,2019-02-10
Mr.,Derek,Larson,derek.larson@nanotech.com,497-945-7397,2019-09-09
Mr.,Ronnie,Owens,ronnie.owens@picotech.com,475-636-9075,2021-01-31
Mrs.,Joy,Harvey,joy.harvey@microtech.com,801-827-6443,2016-03-26
Mr.,Clinton,Crawford,clinton.crawford.@microtech.com,338-757-9951,2021-02-03
Miss,Lorraine,Douglas,lorraine.douglas@picotech.com,406-602-8206,2016-11-27
Miss,Layla,Wagner,layla.wagner@picotech.com,558-895-3874,2016-07-05
Miss,Cherly,Barrett,cherly.barrett@microtech.com,605-655-5477,2021-01-25
Mr.,Ron,Gutierrez,ron.gutierrez@nanotech.com,681-543-8557,2020-06-20
Miss,Christine,Harper,christine.harper@nanotech.com,446-524-9509,2016-06-01
Miss,Joyce,Wright,joyce.wright@nanotech.com,508-691-4972,2016-07-11
Mr.,Marc,Patterson,marc.patterson@picotech.com,689-784-1527,2018-06-11
Mrs.,Stacey,Mitchell,stacey.mitchell@microtech.com,945-835-6552,2017-05-20
Mrs.,Carolyn,Montgomery,carolyn.montgomery@microtech.com,273-384-9609,2016-06-28
Mr.,EdwaRd.,Matthews,edward..matthews@microtech.com,933-861-3787,2016-02-20
Miss,Victoria,Diaz,victoria.diaz@picotech.com,636-636-2206,2021-01-19
Mr.,Louis,Mitchelle,louis.mitchelle@nanotech.com,912-326-4036,2017-02-16
Mrs.,Marian,Vasquez,marian.vasquez@microtech.com,862-856-4087,2019-09-22
Mr.,Bryan,Dunn,bryan.dunn@microtech.com,252-957-6992,2019-09-07
Miss,Stacey,Larson,stacey.larson@microtech.com,358-429-3422,2018-12-04
Mr.,Vernon,Cook,vernon.cook@picotech.com,889-525-5363,2016-04-25
Mr.,Lawrence,Carter,lawrence.carter@microtech.com,257-292-5216,2016-12-13
Mr.,Oscar,Pierce,oscar.pierce@nanotech.com,980-961-7753,2018-06-11
Mr.,Luis,Ellis,luis.ellis@nanotech.com,275-810-4155,2016-12-24
Mr.,Mathew,ByRd.,mathew.byrd.@picotech.com,579-783-8252,2016-01-01
Mrs.,Sheila,Jensen,sheila.jensen@nanotech.com,923-726-4211,2018-09-18
Mr.,Louis,Barnes,louis.barnes@microtech.com,575-449-4438,2018-06-04
Miss,Rhonda,Gray,rhonda.gray@microtech.com,440-967-5433,2019-06-03
Mr.,Thomas,Reid,thomas.reid@picotech.com,465-480-4176,2021-03-20
Mr.,Brent,Little,brent.little@nanotech.com,216-716-1943,2020-10-02
Miss,Bernice,Steeves,bernice.steeves @microtech.com,341-237-2946,2018-07-31
Mr.,Dwayne,Hale,dwayne.hale@microtech.com,750-571-6772,2016-04-18
Mr.,Adam,Stanley,adam.stanley@nanotech.com,992-891-4574,2017-05-05
Mr.,Shawn,Ortiz,shawn.ortiz@nanotech.com,884-937-7138,2016-12-28
Mrs.,Janice,Warren,janice.warren@microtech.com,495-915-2410,2020-07-01
Mr.,Micheal,Stevens,micheal.stevens@microtech.com,597-609-3233,2016-04-21
Miss,Cassandra,Simmmons,cassandra.simmmons@microtech.com,429-370-5624,2017-03-25
Mrs.,Grace,Ferguson,grace.ferguson@microtech.com,564-823-2930,2017-12-22
Mr.,Mitchell,Tucker,mitchell.tucker@picotech.com,287-856-7336,2017-06-22
Mrs.,Violet,Morgan,violet.morgan@microtech.com,391-750-6984,2016-02-09
Miss,Carrie,Ramos,carrie.ramos@microtech.com,517-652-9360,2016-04-20
Mr.,Harry,Olson,harry.olson@picotech.com,615-850-9265,2020-05-05
Mr.,Francis,StewaRd.,francis.steward.@microtech.com,908-917-4049,2020-09-21
Mr.,Lucas,Grant,lucas.grant@nanotech.com,663-891-3027,2016-09-26
Miss,Anne,Simmmons,anne.simmmons@picotech.com,396-287-4192,2016-09-03
Mr.,Aaron,Henry,aaron.henry@microtech.com,569-985-3911,2016-11-15
Mr.,Armando,Sims,armando.sims@nanotech.com,283-417-8466,2019-11-20
Miss,Gertrude,Taylor,gertrude.taylor@microtech.com,565-371-1724,2017-12-27
Mr.,Judd,Harvey,judd.harvey@picotech.com,296-219-4236,2018-11-27
Mrs.,Marion,Black,marion.black@picotech.com,268-769-6552,2019-07-01
Mr.,Glen,Evans,glen.evans@microtech.com,604-476-5346,2020-12-09
Mr.,Lee,Porter,lee.porter@microtech.com,690-552-4750,2021-02-11
Mr.,Everett,Lewis,everett.lewis@microtech.com,532-625-6695,2020-03-04
Mrs.,Jackie,Foster,jackie.foster@picotech.com,906-384-4684,2020-03-11
Miss,Beth,Rivera,beth.rivera@nanotech.com,311-289-2739,2020-03-06
Mr.,Pat,Cox,pat.cox@picotech.com,412-448-5791,2016-06-15
Miss,Joann,Fox,joann.fox@microtech.com,609-635-4684,2020-01-06
Mr.,Leslie,George,leslie.george@picotech.com,471-941-2796,2017-01-12
Miss,Marsha,Fisher,marsha.fisher@microtech.com,652-678-3930,2017-12-09
Mr.,Flenn,Willis,flenn.willis@nanotech.com,273-426-6208,2020-03-04
Mr.,Lee,Wagner,lee.wagner@microtech.com,910-633-2026,2017-11-30
Mr.,Alfred,Ortiz,alfred.ortiz@picotech.com,584-662-8143,2020-12-20
Miss,Aubree,Peterson,aubree.peterson@microtech.com,691-928-9821,2016-12-24
Miss,Elaine,Vargas,elaine.vargas@picotech.com,881-663-2878,2020-11-23
Mrs.,Nellie,Rogers,nellie.rogers@nanotech.com,238-982-6051,2018-08-31
Mr.,Wayne,Silva,wayne.silva@microtech.com,904-631-6396,2018-11-15
Mrs.,Jennie,Morrison,jennie.morrison@picotech.com,669-479-3845,2016-08-10
Miss,Eva,Hansen,eva.hansen@microtech.com,997-730-5059,2018-12-04
Miss,Jane,Hayes,jane.hayes@picotech.com,765-932-3332,2018-08-03
Mr.,Nelson,Chambers,nelson.chambers@microtech.com,768-331-8713,2017-12-30
Mrs.,Tiffany,Moore,tiffany.moore@microtech.com,906-258-9371,2020-10-06
Miss,Dolores,Hill,dolores.hill@nanotech.com,821-343-3877,2019-04-13
Mr.,Reginald,Lowe,reginald.lowe@nanotech.com,622-768-9233,2016-04-29
Mr.,William,Stevens,william.stevens@nanotech.com,681-390-1194,2020-08-18
Mr.,Rodney,Rhodes,rodney.rhodes@nanotech.com,838-735-9286,2016-12-23
Miss,Harper,Kelly,harper.kelly@nanotech.com,984-578-9265,2016-04-02
Mrs.,Tina,Lambert,tina.lambert@nanotech.com,333-449-2606,2018-02-26
Miss,June,Craig,june.craig@microtech.com,583-993-8416,2016-08-31
Mrs.,Kristina,Holt,kristina.holt@picotech.com,682-545-3106,2019-04-15
Mrs.,Mia,Mckinney,mia.mckinney@picotech.com,990-579-2194,2018-06-27
Mr.,Eduardo,Ryan,eduardo.ryan@microtech.com,670-928-4856,2019-02-02
Mr.,Vernon,Duncan,vernon.duncan@picotech.com,770-865-3432,2020-11-28
Mr.,Antonio,Larson,antonio.larson@nanotech.com,659-425-3456,2019-04-20
Mr.,Arthur,Graham,arthur.graham@microtech.com,855-300-5086,2016-01-17
Mr.,Alberto,Campbell,alberto.campbell@picotech.com,241-476-8463,2019-08-29
Miss,Jill,Reynolds,jill.reynolds@picotech.com,894-887-7219,2019-06-25
Miss,Shelly,Lee,shelly.lee@nanotech.com,457-284-5054,2020-10-12
Mrs.,Vivan,Gutierrez,vivan.gutierrez@microtech.com,421-859-6554,2019-09-19
Mrs.,Eva,Wright,eva.wright@picotech.com,931-680-6648,2017-01-24
Mr.,Tyrone,Banks,tyrone.banks@nanotech.com,767-748-5258,2017-08-02
Mrs.,Roberta,Rodriquez,roberta.rodriquez@nanotech.com,419-553-4644,2017-02-08
Mr.,Patrick,West,patrick.west@microtech.com,502-784-6907,2020-06-04
